{
  "BTC": 0.00024724,
  "XRP": 7.42069154,
  "USDC": 100.43643997,
  "DOGE": 169.73115,
  "SHIB": 440994,
  "BTTC": 4779114,
  "AIXBT": 33.1376,
  "ANIME": 195.7
}